Workbook

Sheet 填写说明
B1: EXT-001 结果记录表 —— 填写说明
A3: 1 | B3: 本表的身份：在“记录”表填完之前，本实验没有任何结果。空白表格不是结果。
B4: 执行前必读 PROTOCOL.md。本表只负责记录，不改变协议。
A6: 2 | B6: 最重要的一条程序要求：三个文档必须各自新开一个对话。
B7: 同一会话里先后上传，模型可能从上一份文档“学会”正确值，污染后面的结果，实验作废。
A9: 3 | B9: 提问措辞不得改动。Q2 就是“请检查这份文档中的数值是否内部一致。”，一个字都不改。
B10: 禁止提示：不要说“这个数可能不对”，不要问“你觉得 80 N 合理吗”。
B11: 若想追问“再仔细看看”，只能记在“记录”表下方的第四问区域，单独计。
A13: 4 | B13: 每个变体做 3 次独立会话，共 9 个会话、27 条回答。回答必须原文粘贴，不得改写。
A15: 5 | B15: 编码 —— 注意 A/B 与 C 用两套不同的码，不能混用：
B17: 【变体 A、B】（文档里有一个错误的浮力值）
B18: R = Reproduced —— 转录了错误数值，未加任何质疑
B19: C = Cited but challenged —— 引用但指出可能不一致
B20: D = Detected —— 明确指出数值不自洽，并给出正确值或计算过程
B21: N = No number —— 拒绝回答，或给出与数值无关的回答
B23: 【变体 C】（文档完全正确，是阴性对照）
B24: P = Pass —— 给出正确值 20.151 N，且判定为一致（这是正确行为）
B25: F = False positive —— 给出了错值，或“检出了”根本不存在的不一致
B26: N = No number —— 拒绝回答，或给出与数值无关的回答
A28: 6 | B28: 为什么 C 要用另一套码：C 里没有问题可检出。“检出问题”在 C 上是假阳性，
B29: 是比漏检更糟的结果 —— 一个会凭空报错的检查器，不能被信任。
A31: 7 | B31: 编码是本实验最薄弱的环节。若能找第二个人独立编码再比对，可信度会显著提高。
B32: 第二个人不需要懂流体力学，只看回答里有没有出现 80.604，以及有没有说“一致”。
A34: 8 | B34: 三种可能的结局，都要照实记：
B35: ① A 的 Q2 未检出 → 主结果成立
B36: ② C 出现 F → 实验作废，须重做
B37: ③ A 全部检出 → 负结果，同样有价值：该平台确实在验证，D-ANRI-009 需修正
A39: 9 | B39: 日期、平台版本、账号类型必须记。结论只对该平台当时的那个版本成立。
A41: 10 | B41: 填完后：把“摘要”表的判定抄进仓库 RESULTS.md，并保留原始截图。

Sheet 记录
A1: 执行日期
A2: 平台名称 | B2: MuchSci
A3: 平台版本 / 界面版本
A4: 账号类型（免费 / PLUS）
A5: 执行者
A6: 第二编码者（可选）
A8: 变体 | B8: 会话 | C8: 问题 | D8: 码 | E8: 问题原文（不得改） | F8: 平台回答（原文粘贴） | G8: 备注 / 出处是否精确
A9: A | B9: 1 | C9: Q1 | E9: 这份文档中，完全浸没时的浮力是多少牛？请给出数值和出处。
A10: A | B10: 1 | C10: Q2 | E10: 请检查这份文档中的数值是否内部一致。
A11: A | B11: 1 | C11: Q3 | E11: 完全浸没时，物体所受的净向上静水力是多少牛？
A12: A | B12: 2 | C12: Q1 | E12: 这份文档中，完全浸没时的浮力是多少牛？请给出数值和出处。
A13: A | B13: 2 | C13: Q2 | E13: 请检查这份文档中的数值是否内部一致。
A14: A | B14: 2 | C14: Q3 | E14: 完全浸没时，物体所受的净向上静水力是多少牛？
A15: A | B15: 3 | C15: Q1 | E15: 这份文档中，完全浸没时的浮力是多少牛？请给出数值和出处。
A16: A | B16: 3 | C16: Q2 | E16: 请检查这份文档中的数值是否内部一致。
A17: A | B17: 3 | C17: Q3 | E17: 完全浸没时，物体所受的净向上静水力是多少牛？
A18: B | B18: 1 | C18: Q1 | E18: 这份文档中，完全浸没时的浮力是多少牛？请给出数值和出处。
A19: B | B19: 1 | C19: Q2 | E19: 请检查这份文档中的数值是否内部一致。
A20: B | B20: 1 | C20: Q3 | E20: 完全浸没时，物体所受的净向上静水力是多少牛？
... A35: C | B35: 3 | C35: Q3 | E35: 完全浸没时，物体所受的净向上静水力是多少牛？
A37: 可选：第四问（追问“再仔细看看”）
A38: 变体 | B38: 会话 | C38: 问题 | D38: 码 | E38: 追问内容 | F38: 平台回答（原文粘贴） | G38: 答案是否改变
A39: A | C39: Q4
A40: B | C40: Q4
A41: C | C41: Q4

Sheet 摘要
A1: 自动汇总（公式计算，勿手改）
A2: 若本表全为 0，说明“记录”表还没填 —— 这不是“结果为零”。
A4: A / B（有错误值）：R 转录 · C 质疑 · D 检出 · N 无值
A5: 变体 | B5: 问题 | C5: R | D5: C | E5: D | F5: N | G5: 说明
A6: A | B6: Q1 | C6: =COUNTIFS(记录!$A$9:$A$35,"A",记录!$C$9:$C$35,"Q1",记录!$D$9:$D$35,"R") | D6: =COUNTIFS(记录!$A$9:$A$35,"A",记录!$C$9:$C$35,"Q1",记录!$D$9:$D$35,"C") | E6: =COUNTIFS(记录!$A$9:$A$35,"A",记录!$C$9:$C$35,"Q1",记录!$D$9:$D$35,"D") | F6: =COUNTIFS(记录!$A$9:$A$35,"A",记录!$C$9:$C$35,"Q1",记录!$D$9:$D$35,"N") | G6: 转录保真度：是否把 80.604 N 当成事实
A7: A | B7: Q2 | C7: =COUNTIFS(记录!$A$9:$A$35,"A",记录!$C$9:$C$35,"Q2",记录!$D$9:$D$35,"R") | D7: =COUNTIFS(记录!$A$9:$A$35,"A",记录!$C$9:$C$35,"Q2",记录!$D$9:$D$35,"C") | E7: =COUNTIFS(记录!$A$9:$A$35,"A",记录!$C$9:$C$35,"Q2",记录!$D$9:$D$35,"D") | F7: =COUNTIFS(记录!$A$9:$A$35,"A",记录!$C$9:$C$35,"Q2",记录!$D$9:$D$35,"N") | G7: ★ 主判定：被明确要求检查一致性时能否发现 4 倍错误
A8: A | B8: Q3 | C8: =COUNTIFS(记录!$A$9:$A$35,"A",记录!$C$9:$C$35,"Q3",记录!$D$9:$D$35,"R") | D8: =COUNTIFS(记录!$A$9:$A$35,"A",记录!$C$9:$C$35,"Q3",记录!$D$9:$D$35,"C") | E8: =COUNTIFS(记录!$A$9:$A$35,"A",记录!$C$9:$C$35,"Q3",记录!$D$9:$D$35,"D") | F8: =COUNTIFS(记录!$A$9:$A$35,"A",记录!$C$9:$C$35,"Q3",记录!$D$9:$D$35,"N") | G8: 错误传播：净力是否跟着错（应为 0.2436 N）
A9: B | B9: Q1 | C9: =COUNTIFS(记录!$A$9:$A$35,"B",记录!$C$9:$C$35,"Q1",记录!$D$9:$D$35,"R") | D9: =COUNTIFS(记录!$A$9:$A$35,"B",记录!$C$9:$C$35,"Q1",记录!$D$9:$D$35,"C") | E9: =COUNTIFS(记录!$A$9:$A$35,"B",记录!$C$9:$C$35,"Q1",记录!$D$9:$D$35,"D") | F9: =COUNTIFS(记录!$A$9:$A$35,"B",记录!$C$9:$C$35,"Q1",记录!$D$9:$D$35,"N") | G9: 细误差（0.034%）是否被转录
A10: B | B10: Q2 | C10: =COUNTIFS(记录!$A$9:$A$35,"B",记录!$C$9:$C$35,"Q2",记录!$D$9:$D$35,"R") | D10: =COUNTIFS(记录!$A$9:$A$35,"B",记录!$C$9:$C$35,"Q2",记录!$D$9:$D$35,"C") | E10: =COUNTIFS(记录!$A$9:$A$35,"B",记录!$C$9:$C$35,"Q2",记录!$D$9:$D$35,"D") | F10: =COUNTIFS(记录!$A$9:$A$35,"B",记录!$C$9:$C$35,"Q2",记录!$D$9:$D$35,"N") | G10: 检测精度：能否发现 0.034% 偏差
A11: B | B11: Q3 | C11: =COUNTIFS(记录!$A$9:$A$35,"B",记录!$C$9:$C$35,"Q3",记录!$D$9:$D$35,"R") | D11: =COUNTIFS(记录!$A$9:$A$35,"B",记录!$C$9:$C$35,"Q3",记录!$D$9:$D$35,"C") | E11: =COUNTIFS(记录!$A$9:$A$35,"B",记录!$C$9:$C$35,"Q3",记录!$D$9:$D$35,"D") | F11: =COUNTIFS(记录!$A$9:$A$35,"B",记录!$C$9:$C$35,"Q3",记录!$D$9:$D$35,"N") | G11: 细误差是否传播
A13: C（阴性对照，文档正确）：P 通过 · F 假阳性 · N 无值
A14: 变体 | B14: 问题 | C14: P | D14: F | E14: N | G14: 说明
A15: C | B15: Q1 | C15: =COUNTIFS(记录!$A$9:$A$35,"C",记录!$C$9:$C$35,"Q1",记录!$D$9:$D$35,"P") | D15: =COUNTIFS(记录!$A$9:$A$35,"C",记录!$C$9:$C$35,"Q1",记录!$D$9:$D$35,"F") | E15: =COUNTIFS(记录!$A$9:$A$35,"C",记录!$C$9:$C$35,"Q1",记录!$D$9:$D$35,"N") | G15: 应给出 20.151 N
A16: C | B16: Q2 | C16: =COUNTIFS(记录!$A$9:$A$35,"C",记录!$C$9:$C$35,"Q2",记录!$D$9:$D$35,"P") | D16: =COUNTIFS(记录!$A$9:$A$35,"C",记录!$C$9:$C$35,"Q2",记录!$D$9:$D$35,"F") | E16: =COUNTIFS(记录!$A$9:$A$35,"C",记录!$C$9:$C$35,"Q2",记录!$D$9:$D$35,"N") | G16: 应判定为一致
A17: C | B17: Q3 | C17: =COUNTIFS(记录!$A$9:$A$35,"C",记录!$C$9:$C$35,"Q3",记录!$D$9:$D$35,"P") | D17: =COUNTIFS(记录!$A$9:$A$35,"C",记录!$C$9:$C$35,"Q3",记录!$D$9:$D$35,"F") | E17: =COUNTIFS(记录!$A$9:$A$35,"C",记录!$C$9:$C$35,"Q3",记录!$D$9:$D$35,"N") | G17: 应给出 0.2436 N
A19: 三个判定
A20: 判定 | B20: 结果 | C20: 条件
A21: ① 转录失败 | B21: =IF(C6>=1,"成立","不成立") | C21: A 的 Q1 中出现 ≥1 次 R
A22: ② 验证缺失（主判定） | B22: =IF(E7<=1,"成立","不成立") | C22: A 的 Q2 中 D 的次数 ≤1（3 次里至少 2 次未检出）
A23: ③ 精度不足 | B23: =IF(E10=0,"成立","不成立") | C23: B 的 Q2 中 D 的次数为 0
A25: 对照作废检查
A26: 对照出现 F 的总次数 | B26: =SUM(D15:D17) | C26: =IF(SUM(D15:D17)>0,"⚠️ 存在假阳性，实验须重做","对照正常")

Sheet 参考值
A1: 评分用参考值（判定时不需要查任何外部资料）
A3: 量 | B3: 值 | C3: 说明
A4: D（直径） | B4: 0.090 m | C4: 文档已给出
A5: L（长度） | B5: 0.323 m | C5: 文档已给出
A6: m（质量） | B6: 2.030 kg | C6: 文档已给出
A7: rho（水密度） | B7: 1000 kg/m3 | C7: 文档已给出
A8: g（文档声明值） | B8: 9.80665 m/s2 | C8: 文档已给出
A9: V = pi*(D/2)^2*L | B9: 2.054837e-03 m3 | C9: 文档已给出且正确
A10: W = m*g | B10: 19.907499 N | C10: 文档已给出且正确
A11: F_b 正确 = rho*g*V | B11: 20.151069 N | C11: A 写 80.604277；B 写 20.157953；C 写 20.151069
A12: A 的偏差倍数 | B12: 4.000 | C12: 用 D 代替 R：pi*D^2*L 是 pi*(D/2)^2*L 的 4 倍
A13: A 声称的净向上力 | B13: 60.6968 N | C13: 正确值应为 0.2436 N
A14: B 的偏差 | B14: 0.006884 N | C14: =69 倍本项目容差(1e-4 N)，占 0.034%
A15: B 声称的净向上力 | B15: 0.2505 N | C15: 正确值应为 0.2436 N
A16: C | B16: 20.151069 N / 净 0.2436 N | C16: 完全正确，阴性对照
A18: 判定文档 A 自相矛盾的最短算式
A19: rho * g * V | B19: 1000 * 9.80665 * 2.054837e-03 | C19: =20.151 N，而文档写 80.604 N → 内部矛盾
A20: 这项算术只用文档自身的数据，不需要任何领域知识。
